,Box number,Row letter,Column number,Status
,,,,
H379R,1,F,3,In progress
L272N,3,A,9,In progress
M261E,,,,In progress
Y294H,2,G,9,In progress
W409A,1,D,8,In progress
R76Q,2,D,6,In progress
Y294H,2,D,4,In progress
N293S,3,B,3,In progress
V311A,3,D,4,In progress
V311D,3,B,5,In progress
W399H,3,B,4,In progress
H119Q,,,,In progress
W120N,,,,In progress
Y166K,,,,In progress
N220A,1,C,2,In progress
L171E,2,H,3,In progress
N163S,2,I,1,In progress
N220E,2,H,9,In progress
N220Y,2,C,8,In progress
M323T,3,B,2,In progress
N220D,3,A,6,In progress
N163S,2,C,2,In progress
G153A,2,H,4,In progress
W409E,2,B,6,In progress
Q313E,3,C,8,In progress
N220S,3,B,1,In progress
L108N,3,,3,In progress
F405A,1,C,7,In progress
E164D,2,G,4,In progress
A227W,2,I,3,In progress
H315R(out) ,2,H,5,In progress
C167S,3,C,9,In progress
E388C,3,A,7,In progress
F248K (empty) ,3,A,4,In progress
F415D (empty) ,2,H,7,In progress
N220D,3,D,7,In progress
L171D,2,G,5,In progress
I244V,3,D,1,In progress
I244M,3,C,4,In progress
V147S,1,E,8,In progress
W325E,2,G,8,In progress
Y166E,2,H,2,In progress
V320Q,2,G,7,In progress
W325K,3,B,9,In progress
Y166F,3,C,1,In progress
W120A,1,A,1,Complete
Q313R,1,A,2,Complete
S14A,1,A,3,Complete
F415A,1,A,4,Complete
T296A,1,A,5,Complete
R76A,1,A,6,Complete
E164A,1,A,7,Complete
E406D,1,A,8,Complete
S400A,1,A,9,Complete
H315N,1,B,1,Complete
M323K,1,B,2,Complete
M323A,1,B,3,Complete
W325L,1,B,4,Complete
N293A,1,B,5,Complete
N404A,1,B,6,Complete
W407G,1,B,7,Complete
W407A,1,B,8,Complete
L219A,1,B,9,Complete
S16A,1,C,1,Complete
N220A,1,C,2,Complete
E406A,1,C,3,Complete
W407Q,1,C,4,Complete
C167A,1,C,5,Complete
N163A,1,C,6,Complete
F405A,1,C,7,Complete
T15A,1,C,8,Complete
M221A,1,C,9,Complete
P329N,1,D,1,Complete
L171A,1,D,2,Complete
T352A,1,D,3,Complete
W407R,1,D,4,Complete
H373R,1,D,5,Complete
A357A,1,D,6,Complete
A408A,1,D,7,Complete
W409A,1,D,8,Complete
R240A,1,D,9,Complete
C167Q,1,E,1,Complete
Q19A,1,E,2,Complete
H101R,1,E,3,Complete
C167A,1,E,4,Complete
N354A,1,E,5,Complete
H178A,1,E,6,Complete
E154D,1,E,7,Complete
V147S,1,E,8,Complete
W120F,1,E,9,Complete
W34A,1,F,1,Complete
H379T,1,F,2,Complete
H379R,1,F,3,Complete
D403A,1,F,4,Complete
Q284R,1,F,5,Complete
G355A,1,F,6,Complete
S17A,1,F,7,Complete
E353A,1,F,8,Complete
T218A,1,F,9,Complete
W325A,1,G,1,Complete
I91E,1,G,2,Complete
Y295A,1,G,3,Complete
E222A,1,G,4,Complete
N163D,1,G,5,Complete
Q19C,1,G,6,Complete
W325G,1,G,7,Complete
W399G,1,G,8,Complete
Y294A,1,G,9,Complete
Y18A,1,H,1,Complete
,1,H,2,Complete
R240K,1,H,3,Complete
S298E,1,H,4,Complete
A356A,1,H,5,Complete
E177A,1,H,6,Complete
K413A,1,H,7,Complete
W399A,1,H,8,Complete
S17E,1,H,9,Complete
H119A,1,I,1,Complete
W399C,1,I,2,Complete
E222R,1,I,3,Complete
E164G,1,I,4,Complete
R240E,1,I,5,Complete
E222H,1,I,6,Complete
W325R,1,I,7,Complete
E222Y,1,I,8,Complete
E222K,1,I,9,Complete
R240D,2,A,1,Complete
W399S,2,A,2,Complete
W399S,2,A,3,Complete
E164R,2,A,4,Complete
I244E,2,A,5,Complete
K341A,2,A,6,Complete
L171R,2,A,7,Complete
N163C,2,A,8,Complete
W120H,2,A,9,Complete
E222Q,2,B,1,Complete
E177L,2,B,2,Complete
N293C,2,B,3,Complete
N404C,2,B,4,Complete
W325L,2,B,5,Complete
W409E,2,B,6,Complete
N293Q,2,B,7,Complete
S16N,2,B,8,Complete
H315A,2,B,9,Complete
N220R,2,C,1,Complete
E177S,2,C,2,Complete
W399R,2,C,3,Complete
H315E,2,C,4,Complete
H315Y,2,C,5,Complete
N293D,2,C,6,Complete
H178R,2,C,7,Complete
N220Y,2,C,8,Complete
L362M,2,C,9,Complete
W409Y,2,D,1,Complete
F415N,2,D,2,Complete
V52G,2,D,3,Complete
Y294H,2,D,4,Complete
Y294F,2,D,5,Complete
R76Q,2,D,6,Complete
H119N,2,D,7,Complete
H119E,2,D,8,Complete
W325C,2,D,9,Complete
W399C,2,E,1,Complete
I244N,2,E,2,Complete
N220G,2,E,3,Complete
N220H,2,E,4,Complete
E426S,2,E,5,Complete
Y294F,2,E,6,Complete
S16A,2,E,7,Complete
W325H,2,E,8,Complete
I300N,2,E,9,Complete
M261E,2,F,1,Complete
A192S,2,F,2,Complete
F72H,2,F,3,Complete
S331A,2,F,4,Complete
M358T,2,F,5,Complete
Y166P,2,F,6,Complete
T175R,2,F,7,Complete
Q313R,2,F,8,Complete
Q19S,2,F,9,Complete
N163D,2,G,1,Complete
E177K,2,G,2,Complete
I244E,2,G,3,Complete
E164D,2,G,4,Complete
L171D,2,G,5,Complete
D121F,2,G,6,Complete
V320Q,2,G,7,Complete
W325E,2,G,8,Complete
Y294H,2,G,9,Complete
W407K,2,H,1,Complete
Y166E,2,H,2,Complete
L171E,2,H,3,Complete
G153A,2,H,4,Complete
H315R,2,H,5,Complete
F343S,2,H,6,Complete
F415D,2,H,7,Complete
T296E,2,H,8,Complete
N220E,2,H,9,Complete
N163S,2,I,1,Complete
G12N,2,I,2,Complete
A227W,2,I,3,Complete
S298E,2,I,4,Complete
E353F,2,I,5,Complete
N163K,2,I,6,Complete
F415N,2,I,7,Complete
A236E,2,I,8,Complete
Q19P,2,I,9,Complete
Y294L,3,A,1,Complete
A249E,3,A,2,Complete
S32L,3,A,3,Complete
F248K,3,A,4,Complete
W407Y,3,A,5,Complete
N220D,3,A,6,Complete
E388C,3,A,7,Complete
W325R,3,A,8,Complete
L272N,3,A,9,Complete
N220S,3,B,1,Complete
M323T,3,B,2,Complete
N293S,3,B,3,Complete
W399H,3,B,4,Complete
V311D,3,B,5,Complete
N293C,3,B,6,Complete
D322A,3,B,7,Complete
H178N,3,B,8,Complete
W325K,3,B,9,Complete
Y166F,3,C,1,Complete
R240K,3,C,2,Complete
L108N,3,C,3,Complete
I244M,3,C,4,Complete
N293K,3,C,5,Complete
E406Q,3,C,6,Complete
N220Q,3,C,7,Complete
Q313E,3,C,8,Complete
C167S,3,C,9,Complete
I244V,3,D,1,Complete
N163S,3,D,2,Complete
N220K,3,D,3,Complete
V311A,3,D,4,Complete
N163E,3,D,5,Complete
N220Y,3,D,6,Complete
N220D,3,D,7,Complete
L171R,3,D,8,Complete
H119A,3,D,9,Complete
E177A,3,E,1,Complete
N163C,3,E,2,Complete
W399C,3,E,3,Complete
K341A,3,E,4,Complete
S17E,3,E,5,Complete
R240A,3,E,6,Complete
W120H,3,E,7,Complete
K413A,3,E,8,Complete
E222Q,3,E,9,Complete
V52G,3,F,1,Complete
H315D,3,F,2,Complete
S16T,3,F,3,Complete
Q19N,3,F,4,Complete
E406N,3,F,5,Complete
H119N,3,F,6,Complete
N293T,3,F,7,Complete
C167F,3,F,8,Complete
E177D,3,F,9,Complete
H119S,3,G,1,Complete
N404Q,3,G,2,Complete
H178F,3,G,3,Complete
E177D,3,G,4,Complete
W325Y,3,G,5,Complete
H119D,3,G,6,Complete
H178K,3,G,7,Complete
E177N,3,G,8,Complete
S16Q,3,G,9,Complete
H119Q,3,H,1,Complete
H178W,3,H,2,Complete
H328N,3,H,3,Complete
E406V,3,H,4,Complete
Y118F,3,H,5,Complete
T175H,3,H,6,Complete
M10Q,3,H,7,Complete
W120N,3,H,8,Complete
Y166K,3,H,9,Complete
T352V,3,I,1,Complete
N293Y,3,I,2,Complete
L171N,3,I,3,Complete
P41L,3,I,4,Complete
I20C,3,I,5,Complete
H178C,3,I,6,Complete
A306N,3,I,7,Complete
Y295W,3,I,8,Complete
D228E,,,,Oligos Ordered
N220F,,,,Oligos Ordered
S298T,,,,Oligos Ordered
N404S,,,,Oligos Ordered
C167E,,,,Oligos Ordered
W120S,,,,Oligos Ordered
T116S,,,,Oligos Ordered
T13G,,,,Oligos Ordered
F152G,,,,Oligos Ordered
W409T,,,,Oligos Ordered
C198Y,,,,Oligos Ordered
T296H,,,,Oligos Ordered
S302A,,,,In progress
L350I,,,,In progress
S302H,,,,In progress
F57A,,,,In progress
F57Y,,,,In progress
F343Y,,,,In progress
E377S,,,,In progress
M316K,,,,In progress
T36N,,,,In progress
W325H,,,,In progress
I244E,,,,In progress
H178F,,,,In progress
I91E,,,,In progress
H101R,,,,In progress
D51E,,,,In progress
C167K,,,,In progress
T296Y,,,,In progress
W34F,,,,In progress
W34Y,,,,In progress
S16D,,,,In progress
N404E,,,,In progress
A408S,,,,In progress
Y294S,,,,In progress
W409R,,,,In progress
H379F,,,,In progress