index,tube_label_name,old_roster_inferred_name,correct_name,correct_label,tube_label_number,box,row,column,physical_desc,Note
,H122E,,H119E,FALSE,40,2,D,8,redtop,off by three
,N223H,,N220H,FALSE,41,2,E,4,redtop,off by three
,Y297F,,Y294F,FALSE,42,2,E,6,redtop,off by three
,E180K,,E177K,FALSE,43,2,G,2,redtop,off by three
,E180L,,E177L,FALSE,44,2,B,2,redtop,off by three
,I303N,,I300N,FALSE,45,2,E,9,redtop,off by three
,Q316R,,Q313R,FALSE,46,2,F,8,redtop,off by three
,S334A,,S331A,FALSE,47,2,F,4,redtop,off by three
,A195S,,A192S,FALSE,48,2,F,2,redtop,off by three
,T178R,,T175R,FALSE,50,2,F,7,redtop,off by three
,I247N,,I244N,FALSE,51,2,E,2,redtop,off by three
,Y169P,,Y166P,FALSE,52,2,F,6,redtop,off by three
,F75H,,F72H,FALSE,53,2,F,3,redtop,off by three
,W328L,,W325L,FALSE,54,2,B,5,redtop,off by three
,Q22S,,Q19S,FALSE,55,2,F,9,redtop,off by three
,H122N,,H119N,FALSE,56,2,D,7,redtop,off by three
,N223G,,N220G,FALSE,57,2,E,3,redtop,off by three
,W328H,,W325H,FALSE,58,2,E,8,redtop,off by three
,S19A,,S16A,FALSE,59,2,E,7,redtop,off by three
,W402C,,W399C,FALSE,61,2,E,1,redtop,off by three
,M361T,,M358T,FALSE,62,2,F,5,redtop,off by three
,N407C,,N404C,FALSE,63,2,B,4,redtop,off by three
,V55G,,V52G,FALSE,65,2,D,3,redtop,off by three
,W328C,,W325C,FALSE,66,2,D,9,redtop,off by three
,N166D,,N163D,FALSE,67,2,G,1,redtop,off by three
,NaN,E164G,E164G,FALSE,104,1,I,4,redtop,
,NaN,E164R,E164R,FALSE,105,2,A,4,redtop,
,NaN,E222H,E222H,FALSE,106,1,I,6,redtop,
,NaN,E222K,E222K,FALSE,107,1,I,9,redtop,
,NaN,E222R,E222R,FALSE,109,1,I,3,redtop,
,NaN,E222Y,E222Y,FALSE,110,1,I,8,redtop,
,NaN,I244E,I244E,FALSE,111,2,A,5,redtop,
,NaN,R240D,R240D,FALSE,115,2,A,1,redtop,
,NaN,R240E,R240E,FALSE,116,1,I,5,redtop,
,NaN,W325R,W325R,FALSE,121,1,I,7,redtop,
,NaN,W399S,W399S,FALSE,122,2,A,3,redtop,
,NaN,W399S,W399S,FALSE,125,2,A,2,redtop,
,E17S,,S17E,FALSE,29,1,H,9,tall black screwtop,mislabeled by Transcriptic
,NaN,N163D,N163D,FALSE,113,1,G,5,tall black screwtop,
,NaN,Q19C,Q19C,FALSE,114,1,G,6,tall black screwtop,
,NaN,R240K,R240K,FALSE,117,1,H,3,tall black screwtop,
,NaN,S298E,S298E,FALSE,118,1,H,4,tall black screwtop,
,NaN,W325G,W325G,FALSE,120,1,G,7,tall black screwtop,
,NaN,W399G,W399G,FALSE,124,1,G,8,tall black screwtop,
,C167S,,C167S,TRUE,,3,C,9,blue label,
,D322A,,D322A,TRUE,,3,B,7,blue label,
,E406Q,,E406Q,TRUE,,3,C,6,blue label,
,H178N,,H178N,TRUE,,3,B,8,blue label,
,I244M,,I244M,TRUE,,3,C,4,blue label,
,I244V,,I244V,TRUE,,3,D,1,blue label,
,L108N,,L108N,TRUE,,3,C,3,blue label,
,L272N,,L272N,TRUE,,3,A,9,blue label,
,M323T,,M323T,TRUE,,3,B,2,blue label,
,N163E,,N163E,TRUE,,3,D,5,blue label,
,N163S,,N163S,TRUE,,3,D,2,blue label,
,N220D,,N220D,TRUE,,3,D,7,blue label,
,N220K,,N220K,TRUE,,3,D,3,blue label,
,N220Q,,N220Q,TRUE,,3,C,7,blue label,
,N220S,,N220S,TRUE,,3,B,1,blue label,
,N220Y,,N220Y,TRUE,,3,D,6,blue label,
,N293C,,N293C,TRUE,,3,B,6,blue label,
,N293K,,N293K,TRUE,,3,C,5,blue label,
,N293S,,N293S,TRUE,,3,B,3,blue label,
,Q313E,,Q313E,TRUE,,3,C,8,blue label,
,R240K,,R240K,TRUE,,3,C,2,blue label,
,V311A,,V311A,TRUE,,3,D,4,blue label,
,V311D,,V311D,TRUE,,3,B,5,blue label,
,W325K,,W325K,TRUE,,3,B,9,blue label,
,W325R,,W325R,TRUE,,3,A,8,blue label,
,W399H,,W399H,TRUE,,3,B,4,blue label,
,Y166F,,Y166F,TRUE,,3,C,1,blue label,
,E177A,,E177A,TRUE,,3,E,1,handwritten,
,E222Q,,E222Q,TRUE,,3,E,9,handwritten,
,H119A,,H119A,TRUE,,3,D,9,handwritten,
,K341A,,K341A,TRUE,,3,E,4,handwritten,
,K413A,,K413A,TRUE,,3,E,8,handwritten,
,L171R,,L171R,TRUE,,3,D,8,handwritten,
,N163C,,N163C,TRUE,,3,E,2,handwritten,
,R240A,,R240A,TRUE,,3,E,6,handwritten,
,S17E,,S17E,TRUE,,3,E,5,handwritten,
,V52G,,V52G,TRUE,,3,F,1,handwritten,
,W120H,,W120H,TRUE,,3,E,7,handwritten,
,W399C,,W399C,TRUE,,3,E,3,handwritten,
,E426S,,E426S,TRUE,64,2,E,5,redtop,
,M261E,,M261E,TRUE,70,2,F,1,redtop,
,N293C,,N293C,TRUE,127,2,B,3,redtop,
,L362M,,L362M,TRUE,128,2,C,9,redtop,
,F415N,,F415N,TRUE,129,2,D,2,redtop,
,N293Q,,N293Q,TRUE,130,2,B,7,redtop,
,N220Y,,N220Y,TRUE,131,2,C,8,redtop,
,W409Y,,W409Y,TRUE,132,2,D,1,redtop,
,W399R,,W399R,TRUE,133,2,C,3,redtop,
,H315E,,H315E,TRUE,134,2,C,4,redtop,
,S16N,,S16N,TRUE,135,2,B,8,redtop,
,H178R,,H178R,TRUE,136,2,C,7,redtop,
,N293D,,N293D,TRUE,137,2,C,6,redtop,
,N220R,,N220R,TRUE,138,2,C,1,redtop,
,Y294F,,Y294F,TRUE,139,2,D,5,redtop,
,W409E,,W409E,TRUE,D_1,2,B,6,redtop,
,E177S,,E177S,TRUE,D_2,2,C,2,redtop,
,Y294H,,Y294H,TRUE,D_3,2,D,4,redtop,
,H315A,,H315A,TRUE,D_4,2,B,9,redtop,
,R76Q,,R76Q,TRUE,D_5,2,D,6,redtop,
,H315Y,,H315Y,TRUE,D_6,2,C,5,redtop,
,E222Q,,E222Q,TRUE,,2,B,1,redtop,
,K341A,,K341A,TRUE,,2,A,6,redtop,
,L171R,,L171R,TRUE,,2,A,7,redtop,
,N163C,,N163C,TRUE,,2,A,8,redtop,
,W120H,,W120H,TRUE,,2,A,9,redtop,
,W399C,,W399C,TRUE,,1,I,2,redtop,
,C167A,,C167A,TRUE,1,1,E,4,tall black screwtop,
,E164A,,E164A,TRUE,2,1,A,7,tall black screwtop,
,E222A,,E222A,TRUE,3,1,G,4,tall black screwtop,
,E353A,,E353A,TRUE,4,1,F,8,tall black screwtop,
,H178A,,H178A,TRUE,5,1,E,6,tall black screwtop,
,L171A,,L171A,TRUE,6,1,D,2,tall black screwtop,
,M323A,,M323A,TRUE,7,1,B,3,tall black screwtop,
,N220A,,N220A,TRUE,8,1,C,2,tall black screwtop,
,N293A,,N293A,TRUE,9,1,B,5,tall black screwtop,
,Q19A,,Q19A,TRUE,10,1,E,2,tall black screwtop,
,R240A,,R240A,TRUE,11,1,D,9,tall black screwtop,
,R76A,,R76A,TRUE,12,1,A,6,tall black screwtop,
,S16A,,S16A,TRUE,13,1,C,1,tall black screwtop,
,S400A,,S400A,TRUE,14,1,A,9,tall black screwtop,
,T296A,,T296A,TRUE,15,1,A,5,tall black screwtop,
,W120A,,W120A,TRUE,16,1,A,1,tall black screwtop,
,W325A,,W325A,TRUE,17,1,G,1,tall black screwtop,
,W34A,,W34A,TRUE,18,1,F,1,tall black screwtop,
,W409A,,W409A,TRUE,19,1,D,8,tall black screwtop,
,W407Q,,W407Q,TRUE,20,1,C,4,tall black screwtop,
,M323K,,M323K,TRUE,21,1,B,2,tall black screwtop,
,W407G,,W407G,TRUE,22,1,B,7,tall black screwtop,
,W407R,,W407R,TRUE,23,1,D,4,tall black screwtop,
,C167A,,C167A,TRUE,24,1,C,5,tall black screwtop,
,W120F,,W120F,TRUE,25,1,E,9,tall black screwtop,
,Q313R,,Q313R,TRUE,26,1,A,2,tall black screwtop,
,E406D,,E406D,TRUE,28,1,A,8,tall black screwtop,
,H315N,,H315N,TRUE,30,1,B,1,tall black screwtop,
,C167Q,,C167Q,TRUE,31,1,E,1,tall black screwtop,
,W325L,,W325L,TRUE,32,1,B,4,tall black screwtop,
,H101R,,H101R,TRUE,68,1,E,3,tall black screwtop,
,H379T,,H379T,TRUE,69,1,F,2,tall black screwtop,
,H373R,,H373R,TRUE,71,1,D,5,tall black screwtop,
,I91E,,I91E,TRUE,72,1,G,2,tall black screwtop,
,V147S,,V147S,TRUE,73,1,E,8,tall black screwtop,
,P329N,,P329N,TRUE,74,1,D,1,tall black screwtop,
,E154D,,E154D,TRUE,75,1,E,7,tall black screwtop,
,H379R,,H379R,TRUE,76,1,F,3,tall black screwtop,
,Q284R,,Q284R,TRUE,77,1,F,5,tall black screwtop,
,A356A,,A356A,TRUE,78,1,H,5,tall black screwtop,
,A357A,,A357A,TRUE,79,1,D,6,tall black screwtop,
,A408A,,A408A,TRUE,80,1,D,7,tall black screwtop,
,D403A,,D403A,TRUE,81,1,F,4,tall black screwtop,
,E177A,,E177A,TRUE,82,1,H,6,tall black screwtop,
,E406A,,E406A,TRUE,83,1,C,3,tall black screwtop,
,F405A,,F405A,TRUE,84,1,C,7,tall black screwtop,
,F415A,,F415A,TRUE,85,1,A,4,tall black screwtop,
,G355A,,G355A,TRUE,86,1,F,6,tall black screwtop,
,H119A,,H119A,TRUE,87,1,I,1,tall black screwtop,
,K413A,,K413A,TRUE,88,1,H,7,tall black screwtop,
,L219A,,L219A,TRUE,89,1,B,9,tall black screwtop,
,M221A,,M221A,TRUE,90,1,C,9,tall black screwtop,
,N163A,,N163A,TRUE,91,1,C,6,tall black screwtop,
,N354A,,N354A,TRUE,92,1,E,5,tall black screwtop,
,N404A,,N404A,TRUE,93,1,B,6,tall black screwtop,
,S14A,,S14A,TRUE,94,1,A,3,tall black screwtop,
,S17A,,S17A,TRUE,95,1,F,7,tall black screwtop,
,T15A,,T15A,TRUE,96,1,C,8,tall black screwtop,
,T218A,,T218A,TRUE,97,1,F,9,tall black screwtop,
,T352A,,T352A,TRUE,98,1,D,3,tall black screwtop,
,W399A,,W399A,TRUE,99,1,H,8,tall black screwtop,
,W407A,,W407A,TRUE,100,1,B,8,tall black screwtop,
,Y18A,,Y18A,TRUE,101,1,H,1,tall black screwtop,
,Y294A,,Y294A,TRUE,102,1,G,9,tall black screwtop,
,Y295A,,Y295A,TRUE,103,1,G,3,tall black screwtop,
,A227W,,A227W,TRUE,,2,I,3,white label,
,A236E,,A236E,TRUE,,2,I,8,white label,
,A249E,,A249E,TRUE,,3,A,2,white label,
,D121F,,D121F,TRUE,,2,G,6,white label,
,E164D,,E164D,TRUE,,2,G,4,white label,
,E353F,,E353F,TRUE,,2,I,5,white label,
,E388C,,E388C,TRUE,,3,A,7,white label,
,F248K,,F248K,TRUE,,3,A,4,white label,
,F343S,,F343S,TRUE,,2,H,6,white label,
,F415D,,F415D,TRUE,,2,H,7,white label,
,F415N,,F415N,TRUE,,2,I,7,white label,
,G12N,,G12N,TRUE,,2,I,2,white label,
,G153A,,G153A,TRUE,,2,H,4,white label,
,H315R,,H315R,TRUE,,2,H,5,white label,
,I244E,,I244E,TRUE,,2,G,3,white label,
,L171D,,L171D,TRUE,,2,G,5,white label,
,L171E,,L171E,TRUE,,2,H,3,white label,
,N163K,,N163K,TRUE,,2,I,6,white label,
,N163S,,N163S,TRUE,,2,I,1,white label,
,N220D,,N220D,TRUE,,3,A,6,white label,
,N220E,,N220E,TRUE,,2,H,9,white label,
,Q19P,,Q19P,TRUE,,2,I,9,white label,
,S298E,,S298E,TRUE,,2,I,4,white label,
,S32L,,S32L,TRUE,,3,A,3,white label,
,T296E,,T296E,TRUE,,2,H,8,white label,
,V320Q,,V320Q,TRUE,,2,G,7,white label,
,W325E,,W325E,TRUE,,2,G,8,white label,
,W407K,,W407K,TRUE,,2,H,1,white label,
,W407Y,,W407Y,TRUE,,3,A,5,white label,
,Y166E,,Y166E,TRUE,,2,H,2,white label,
,Y294H,,Y294H,TRUE,,2,G,9,white label,
,Y294L,,Y294L,TRUE,,3,A,1,white label,
,,,,,126,1,H,2,tall black screwtop,